{"geometries":{"407":{"boundingBox":{"0":180,"1":0,"2":0,"3":0,"4":0,"5":350,"6":0,"7":0,"8":0,"9":0,"10":200,"11":0,"12":-90,"13":-175,"14":-100,"15":1},"hasHoles":false,"geometryFile":"63f6184b-c4ad-4abb-8f14-dd312df97517/63f6184b-c4ad-4abb-8f14-dd312df97517_1"}},"assets":[{"id":445,"geometries":[{"color":[0,0.501960784313725,0,0.6],"geometryID":407,"transformation":[0.001,0,0,0,0,0,-0.001,0,0,0.001,0,0,0.09000000000000064,-0.10000000000000185,-0.17499999999999716,1]}]}],"globalDataFileId":"63f6184b-c4ad-4abb-8f14-dd312df97517/63f6184b-c4ad-4abb-8f14-dd312df97517-global"}